date,platform,active_users,transactions,transaction_value_gbp_k,signups,churn_rate,app_crashes,avg_session_minutes,feature_used
2024-01-01,Mobile App,8605,12695,2764,90,0.0131,13,7.3,Transfer
2024-01-01,Mobile App,10016,12802,2624,69,0.0139,7,9.3,Payment
2024-01-01,Mobile App,6926,9387,2049,76,0.0142,10,7.5,Investment
2024-01-01,Mobile App,4325,7580,1551,87,0.013,15,8.1,Support
2024-01-01,Web,3501,4747,1711,83,0.0206,0,5.9,Transfer
2024-01-01,Web,4100,6463,2092,69,0.0202,0,5.6,Payment
2024-01-01,Web,2966,4335,1467,84,0.0207,0,5.8,Investment
2024-01-01,Web,2295,3264,1169,94,0.0188,0,5.8,Support
2024-01-01,ATM,1113,2225,405,0,0.0048,0,1.5,Transfer
2024-01-01,ATM,1320,2791,522,0,0.0053,0,1.4,Payment
2024-01-01,ATM,1037,2168,368,0,0.0045,0,1.6,Investment
2024-01-01,ATM,684,1361,252,0,0.0051,0,1.3,Support
2024-01-02,Mobile App,8468,13518,2997,85,0.0131,13,7.9,Transfer
2024-01-02,Mobile App,9091,14795,3490,76,0.0158,9,8.0,Payment
2024-01-02,Mobile App,5896,8964,1968,75,0.0157,13,7.6,Investment
2024-01-02,Mobile App,4903,7793,1840,69,0.0142,14,9.0,Support
2024-01-02,Web,3605,4741,1622,85,0.0209,0,5.2,Transfer
2024-01-02,Web,4162,6408,2238,67,0.023,0,4.5,Payment
2024-01-02,Web,2682,4322,1607,70,0.0235,0,5.4,Investment
2024-01-02,Web,2199,3288,1215,84,0.0241,0,5.3,Support
2024-01-02,ATM,1259,2318,386,0,0.0046,0,1.7,Transfer
2024-01-02,ATM,1445,3098,526,0,0.0048,0,1.7,Payment
2024-01-02,ATM,973,2162,366,0,0.005,0,1.3,Investment
2024-01-02,ATM,697,1318,227,0,0.0057,0,1.7,Support
2024-01-03,Mobile App,8427,12944,2684,70,0.0153,12,9.4,Transfer
2024-01-03,Mobile App,9063,15445,3637,66,0.0162,9,7.9,Payment
2024-01-03,Mobile App,6156,10148,2239,90,0.0145,16,9.5,Investment
2024-01-03,Mobile App,4428,7575,1561,96,0.0156,9,9.1,Support
2024-01-03,Web,3569,5104,1751,76,0.0226,0,5.8,Transfer
2024-01-03,Web,3860,5664,2132,71,0.0214,0,5.7,Payment
2024-01-03,Web,2724,4298,1597,64,0.0245,0,5.1,Investment
2024-01-03,Web,1994,3022,1021,69,0.0197,0,5.4,Support
2024-01-03,ATM,1265,2575,457,0,0.0047,0,1.3,Transfer
2024-01-03,ATM,1478,2961,541,0,0.0052,0,1.5,Payment
2024-01-03,ATM,903,1806,330,0,0.0045,0,1.5,Investment
2024-01-03,ATM,770,1361,232,0,0.0056,0,1.5,Support
2024-01-04,Mobile App,8037,13671,3074,94,0.016,15,9.6,Transfer
2024-01-04,Mobile App,9273,15122,3312,81,0.0137,11,7.6,Payment
2024-01-04,Mobile App,6661,10461,2347,82,0.0135,13,9.6,Investment
2024-01-04,Mobile App,5010,6609,1426,69,0.0128,12,9.5,Support
2024-01-04,Web,3650,5424,1930,70,0.0247,0,5.4,Transfer
2024-01-04,Web,4544,6081,2214,67,0.0231,0,5.8,Payment
2024-01-04,Web,2838,3542,1327,86,0.0215,0,5.1,Investment
2024-01-04,Web,2270,3161,1094,94,0.0219,0,5.6,Support
2024-01-04,ATM,1150,2650,508,0,0.0055,0,1.5,Transfer
2024-01-04,ATM,1401,2789,523,0,0.0056,0,1.3,Payment
2024-01-04,ATM,967,1996,345,0,0.0043,0,1.6,Investment
2024-01-04,ATM,641,1490,269,0,0.0048,0,1.4,Support
2024-01-05,Mobile App,8758,12113,2497,80,0.0154,9,8.6,Transfer
2024-01-05,Mobile App,10035,15259,3621,79,0.0137,12,8.6,Payment
2024-01-05,Mobile App,6180,10047,2205,98,0.0153,14,8.2,Investment
2024-01-05,Mobile App,4595,8079,1669,73,0.0163,16,7.5,Support
2024-01-05,Web,3533,5386,1976,84,0.0232,0,4.5,Transfer
2024-01-05,Web,4139,6245,2292,91,0.0218,0,5.4,Payment
2024-01-05,Web,2589,3802,1303,84,0.0235,0,5.9,Investment
2024-01-05,Web,2074,3137,1060,95,0.0191,0,5.6,Support
2024-01-05,ATM,1104,2456,407,0,0.0055,0,1.7,Transfer
2024-01-05,ATM,1422,2735,515,0,0.005,0,1.6,Payment
2024-01-05,ATM,966,2050,361,0,0.0052,0,1.7,Investment
2024-01-05,ATM,649,1396,247,0,0.0053,0,1.5,Support
2024-01-06,Mobile App,7821,11028,2505,97,0.0152,14,8.7,Transfer
2024-01-06,Mobile App,10149,14427,3334,74,0.0171,11,8.3,Payment
2024-01-06,Mobile App,11243,17259,3801,85,0.015,10,7.5,Investment
2024-01-06,Mobile App,5005,7052,1561,92,0.0139,11,8.2,Support
2024-01-06,Web,3523,4738,1616,89,0.0232,0,5.8,Transfer
2024-01-06,Web,4549,6033,2030,77,0.0239,0,4.8,Payment
2024-01-06,Web,5515,8120,2802,76,0.0222,0,5.5,Investment
2024-01-06,Web,2020,2875,990,88,0.021,0,5.3,Support
2024-01-06,ATM,1100,2340,402,0,0.0051,0,1.4,Transfer
2024-01-06,ATM,1480,3243,555,0,0.0054,0,1.4,Payment
2024-01-06,ATM,1672,3468,597,0,0.0055,0,1.7,Investment
2024-01-06,ATM,685,1568,265,0,0.0044,0,1.7,Support
2024-01-07,Mobile App,8371,11086,2578,99,0.0166,10,8.0,Transfer
2024-01-07,Mobile App,10861,16471,3667,76,0.0136,14,8.5,Payment
2024-01-07,Mobile App,12319,19996,4137,84,0.0147,16,7.3,Investment
2024-01-07,Mobile App,4876,8198,1883,82,0.0133,12,8.0,Support
2024-01-07,Web,3193,5271,1809,68,0.0211,0,5.8,Transfer
2024-01-07,Web,3984,5726,1930,95,0.021,0,4.7,Payment
2024-01-07,Web,5232,7442,2710,76,0.0213,0,5.1,Investment
2024-01-07,Web,2155,3385,1220,91,0.0235,0,5.7,Support
2024-01-07,ATM,1184,2648,453,0,0.0055,0,1.6,Transfer
2024-01-07,ATM,1397,2583,459,0,0.0045,0,1.7,Payment
2024-01-07,ATM,1802,3689,644,0,0.005,0,1.4,Investment
2024-01-07,ATM,753,1305,220,0,0.0045,0,1.4,Support
2024-01-08,Mobile App,8032,13702,2820,92,0.0139,10,8.6,Transfer
2024-01-08,Mobile App,10766,14637,3175,79,0.0158,13,8.7,Payment
2024-01-08,Mobile App,6960,10231,2423,77,0.0142,12,9.2,Investment
2024-01-08,Mobile App,5014,6833,1531,83,0.0171,15,8.9,Support
2024-01-08,Web,3853,4974,1772,78,0.0247,0,4.5,Transfer
2024-01-08,Web,4125,5811,2084,87,0.0227,0,5.0,Payment
2024-01-08,Web,3059,4329,1622,89,0.0221,0,5.1,Investment
2024-01-08,Web,1987,3300,1086,72,0.0204,0,5.6,Support
2024-01-08,ATM,1224,2261,400,0,0.0044,0,1.7,Transfer
2024-01-08,ATM,1392,2603,489,0,0.005,0,1.7,Payment
2024-01-08,ATM,859,1999,336,0,0.0056,0,1.5,Investment
2024-01-08,ATM,661,1541,275,0,0.0044,0,1.5,Support
2024-01-09,Mobile App,7951,11343,2438,99,0.0166,11,9.4,Transfer
2024-01-09,Mobile App,11102,15500,3211,100,0.0152,12,8.4,Payment
2024-01-09,Mobile App,7148,11139,2425,89,0.0152,15,8.5,Investment
2024-01-09,Mobile App,4828,6906,1473,82,0.0135,7,8.6,Support
2024-01-09,Web,3739,4636,1567,82,0.0232,0,5.2,Transfer
2024-01-09,Web,4485,5802,2117,90,0.0226,0,5.7,Payment
2024-01-09,Web,2872,3760,1396,79,0.0203,0,5.5,Investment
2024-01-09,Web,2195,3288,1099,67,0.0228,0,5.2,Support
2024-01-09,ATM,1231,2485,461,0,0.0047,0,1.6,Transfer
2024-01-09,ATM,1402,2742,469,0,0.0044,0,1.3,Payment
2024-01-09,ATM,856,1915,342,0,0.0053,0,1.5,Investment
2024-01-09,ATM,671,1330,257,0,0.0043,0,1.7,Support
2024-01-10,Mobile App,8202,11706,2550,68,0.0132,7,7.8,Transfer
2024-01-10,Mobile App,10127,16495,3628,81,0.0159,7,7.4,Payment
2024-01-10,Mobile App,7204,9417,1994,82,0.0152,8,9.5,Investment
2024-01-10,Mobile App,4888,7499,1521,102,0.016,10,9.7,Support
2024-01-10,Web,3382,5694,1897,89,0.0193,0,5.5,Transfer
2024-01-10,Web,4026,5945,2234,95,0.0197,0,5.6,Payment
2024-01-10,Web,2989,4120,1355,80,0.0207,0,5.0,Investment
2024-01-10,Web,1946,3176,1196,72,0.0216,0,4.4,Support
2024-01-10,ATM,1224,2458,435,0,0.0046,0,1.7,Transfer
2024-01-10,ATM,1410,3024,561,0,0.0045,0,1.6,Payment
2024-01-10,ATM,878,1927,357,0,0.0048,0,1.7,Investment
2024-01-10,ATM,730,1293,227,0,0.0045,0,1.5,Support
2024-01-11,Mobile App,7961,12922,2759,88,0.0157,10,9.5,Transfer
2024-01-11,Mobile App,10851,13765,2969,94,0.0139,7,9.0,Payment
2024-01-11,Mobile App,6993,10474,2301,88,0.0152,10,8.4,Investment
2024-01-11,Mobile App,5565,7960,1852,74,0.0151,11,9.3,Support
2024-01-11,Web,3599,5043,1843,81,0.0235,0,5.8,Transfer
2024-01-11,Web,4386,5920,2112,75,0.0191,0,5.9,Payment
2024-01-11,Web,3038,3776,1360,90,0.0197,0,4.9,Investment
2024-01-11,Web,2103,2929,959,86,0.019,0,5.9,Support
2024-01-11,ATM,1077,2130,359,0,0.0045,0,1.3,Transfer
2024-01-11,ATM,1421,2802,504,0,0.0052,0,1.5,Payment
2024-01-11,ATM,838,1791,334,0,0.0043,0,1.7,Investment
2024-01-11,ATM,712,1588,301,0,0.005,0,1.6,Support
2024-01-12,Mobile App,8461,13818,3230,98,0.0163,7,8.8,Transfer
2024-01-12,Mobile App,10505,16548,3835,72,0.0137,12,7.5,Payment
2024-01-12,Mobile App,6588,10157,2125,92,0.0153,16,8.6,Investment
2024-01-12,Mobile App,5283,8296,1903,89,0.0158,13,8.3,Support
2024-01-12,Web,3293,5468,1929,81,0.023,0,5.3,Transfer
2024-01-12,Web,4378,6770,2522,83,0.0253,0,5.7,Payment
2024-01-12,Web,2811,4218,1553,75,0.0203,0,5.3,Investment
2024-01-12,Web,2092,3102,1128,77,0.0217,0,5.9,Support
2024-01-12,ATM,1032,2123,369,0,0.0043,0,1.3,Transfer
2024-01-12,ATM,1484,2528,490,0,0.0046,0,1.4,Payment
2024-01-12,ATM,967,2115,400,0,0.0056,0,1.5,Investment
2024-01-12,ATM,698,1458,245,0,0.0049,0,1.3,Support
2024-01-13,Mobile App,8355,14381,3037,79,0.0141,12,8.7,Transfer
2024-01-13,Mobile App,9926,14180,3032,87,0.0149,15,9.0,Payment
2024-01-13,Mobile App,13992,17812,4008,71,0.0164,10,9.2,Investment
2024-01-13,Mobile App,5704,7577,1768,85,0.0169,8,9.2,Support
2024-01-13,Web,3761,5549,2075,86,0.0229,0,4.5,Transfer
2024-01-13,Web,4321,5877,2078,76,0.0233,0,4.7,Payment
2024-01-13,Web,5562,8596,3235,90,0.0225,0,4.6,Investment
2024-01-13,Web,2121,3283,1084,76,0.0218,0,5.6,Support
2024-01-13,ATM,1153,2244,397,0,0.0049,0,1.6,Transfer
2024-01-13,ATM,1442,2842,487,0,0.0048,0,1.5,Payment
2024-01-13,ATM,1734,3995,722,0,0.0046,0,1.4,Investment
2024-01-13,ATM,675,1491,272,0,0.0044,0,1.5,Support
2024-01-14,Mobile App,8594,12263,2631,93,0.0162,8,8.1,Transfer
2024-01-14,Mobile App,11280,17052,3825,86,0.0169,9,9.0,Payment
2024-01-14,Mobile App,12336,20961,4306,96,0.0138,13,7.6,Investment
2024-01-14,Mobile App,5651,7543,1618,99,0.0141,11,8.1,Support
2024-01-14,Web,3763,4775,1684,90,0.0223,0,5.4,Transfer
2024-01-14,Web,4733,6444,2316,78,0.0247,0,5.2,Payment
2024-01-14,Web,5123,6882,2293,88,0.0205,0,5.1,Investment
2024-01-14,Web,2346,2757,990,87,0.0247,0,5.0,Support
2024-01-14,ATM,1048,2251,430,0,0.0048,0,1.7,Transfer
2024-01-14,ATM,1367,2987,572,0,0.005,0,1.5,Payment
2024-01-14,ATM,1565,3298,638,0,0.0051,0,1.6,Investment
2024-01-14,ATM,619,1566,273,0,0.005,0,1.6,Support
2024-01-15,Mobile App,8039,13934,2995,81,0.0172,16,7.9,Transfer
2024-01-15,Mobile App,9740,15081,3258,106,0.0172,16,9.6,Payment
2024-01-15,Mobile App,6726,10269,2220,76,0.016,12,9.0,Investment
2024-01-15,Mobile App,5735,8364,1816,91,0.0147,10,8.8,Support
2024-01-15,Web,3561,4685,1680,84,0.0232,0,4.7,Transfer
2024-01-15,Web,4005,6447,2400,95,0.0215,0,5.8,Payment
2024-01-15,Web,3033,4266,1509,70,0.0191,0,5.3,Investment
2024-01-15,Web,2253,2850,1052,70,0.0189,0,4.9,Support
2024-01-15,ATM,1239,2621,457,0,0.0054,0,1.6,Transfer
2024-01-15,ATM,1396,2993,509,0,0.0045,0,1.3,Payment
2024-01-15,ATM,820,2108,387,0,0.0052,0,1.6,Investment
2024-01-15,ATM,692,1324,220,0,0.0044,0,1.6,Support
2024-01-16,Mobile App,8304,14556,3186,94,0.0136,10,8.4,Transfer
2024-01-16,Mobile App,10029,15068,3266,106,0.0169,16,7.8,Payment
2024-01-16,Mobile App,7413,9985,2093,78,0.017,11,8.8,Investment
2024-01-16,Mobile App,5577,8773,2050,87,0.0162,13,9.3,Support
2024-01-16,Web,3763,5019,1880,84,0.0222,0,5.4,Transfer
2024-01-16,Web,4502,5495,1803,80,0.0245,0,5.8,Payment
2024-01-16,Web,2737,4157,1568,67,0.0213,0,5.6,Investment
2024-01-16,Web,2363,2859,991,95,0.0238,0,4.9,Support
2024-01-16,ATM,1052,2234,429,0,0.0053,0,1.7,Transfer
2024-01-16,ATM,1343,2918,491,0,0.005,0,1.4,Payment
2024-01-16,ATM,917,2057,373,0,0.0048,0,1.4,Investment
2024-01-16,ATM,612,1394,267,0,0.0056,0,1.7,Support
2024-01-17,Mobile App,8284,12964,2920,97,0.0135,14,7.5,Transfer
2024-01-17,Mobile App,11275,16765,3444,97,0.016,16,8.8,Payment
2024-01-17,Mobile App,6728,10959,2235,78,0.0143,15,9.4,Investment
2024-01-17,Mobile App,5048,7428,1705,74,0.0141,14,9.7,Support
2024-01-17,Web,3459,4764,1774,97,0.0187,0,5.6,Transfer
2024-01-17,Web,3911,6188,2165,92,0.0227,0,5.2,Payment
2024-01-17,Web,2725,4285,1489,80,0.0227,0,4.4,Investment
2024-01-17,Web,2332,2931,1047,93,0.0201,0,4.7,Support
2024-01-17,ATM,1023,2255,383,0,0.0043,0,1.5,Transfer
2024-01-17,ATM,1375,2694,453,0,0.0044,0,1.7,Payment
2024-01-17,ATM,837,1775,328,0,0.0053,0,1.5,Investment
2024-01-17,ATM,682,1561,292,0,0.0048,0,1.3,Support
2024-01-18,Mobile App,9576,13052,3054,102,0.0162,15,7.4,Transfer
2024-01-18,Mobile App,10841,14874,3460,84,0.0146,9,7.8,Payment
2024-01-18,Mobile App,6627,11092,2627,91,0.0131,14,8.8,Investment
2024-01-18,Mobile App,5767,8585,1867,103,0.0139,12,8.8,Support
2024-01-18,Web,3928,5311,1858,90,0.022,0,5.7,Transfer
2024-01-18,Web,4676,5806,1964,72,0.0195,0,5.1,Payment
2024-01-18,Web,3067,4371,1458,86,0.0214,0,4.5,Investment
2024-01-18,Web,2106,3329,1112,87,0.0233,0,4.8,Support
2024-01-18,ATM,1021,2218,402,0,0.0054,0,1.3,Transfer
2024-01-18,ATM,1297,2726,496,0,0.0057,0,1.6,Payment
2024-01-18,ATM,839,2013,387,0,0.005,0,1.5,Investment
2024-01-18,ATM,608,1275,217,0,0.0049,0,1.7,Support
2024-01-19,Mobile App,9876,13604,3143,107,0.013,12,8.7,Transfer
2024-01-19,Mobile App,11373,16691,3389,94,0.0142,15,9.3,Payment
2024-01-19,Mobile App,6686,10058,2333,85,0.0144,12,7.6,Investment
2024-01-19,Mobile App,5607,7618,1573,101,0.0141,15,9.0,Support
2024-01-19,Web,3460,4666,1732,78,0.0242,0,4.9,Transfer
2024-01-19,Web,4373,5731,1965,67,0.02,0,4.6,Payment
2024-01-19,Web,2904,4441,1655,71,0.0209,0,5.2,Investment
2024-01-19,Web,2338,2966,1009,91,0.0193,0,6.0,Support
2024-01-19,ATM,1117,2594,445,0,0.0043,0,1.4,Transfer
2024-01-19,ATM,1433,2527,441,0,0.0043,0,1.7,Payment
2024-01-19,ATM,957,1781,341,0,0.0044,0,1.6,Investment
2024-01-19,ATM,700,1232,231,0,0.0052,0,1.4,Support
2024-01-20,Mobile App,8664,13115,2900,102,0.0158,9,7.6,Transfer
2024-01-20,Mobile App,10206,18413,4090,77,0.0152,12,7.9,Payment
2024-01-20,Mobile App,15049,22248,4953,80,0.0142,15,8.6,Investment
2024-01-20,Mobile App,5032,7356,1723,75,0.0145,8,8.2,Support
2024-01-20,Web,3781,5677,2028,89,0.0216,0,5.0,Transfer
2024-01-20,Web,4213,5776,2105,93,0.0192,0,5.9,Payment
2024-01-20,Web,5737,7911,2589,93,0.0233,0,4.6,Investment
2024-01-20,Web,2097,3221,1175,82,0.025,0,4.6,Support
2024-01-20,ATM,1196,2175,383,0,0.0045,0,1.7,Transfer
2024-01-20,ATM,1285,3012,527,0,0.005,0,1.3,Payment
2024-01-20,ATM,1534,3447,655,0,0.0047,0,1.4,Investment
2024-01-20,ATM,675,1388,246,0,0.0053,0,1.3,Support
2024-01-21,Mobile App,9384,12486,2660,91,0.0154,9,7.8,Transfer
2024-01-21,Mobile App,10376,16633,3405,81,0.0159,11,9.7,Payment
2024-01-21,Mobile App,14107,20089,4557,80,0.0158,14,9.0,Investment
2024-01-21,Mobile App,5943,7578,1693,86,0.0132,11,8.0,Support
2024-01-21,Web,3571,5322,1918,86,0.0241,0,4.9,Transfer
2024-01-21,Web,4494,5583,1866,71,0.0225,0,5.6,Payment
2024-01-21,Web,5798,8281,2973,81,0.0206,0,5.4,Investment
2024-01-21,Web,2160,2899,1076,76,0.0239,0,5.5,Support
2024-01-21,ATM,1196,2541,473,0,0.0056,0,1.7,Transfer
2024-01-21,ATM,1346,2833,511,0,0.0055,0,1.7,Payment
2024-01-21,ATM,1511,3782,732,0,0.0043,0,1.5,Investment
2024-01-21,ATM,725,1250,217,0,0.0043,0,1.5,Support
2024-01-22,Mobile App,9512,14437,3284,89,0.0147,9,7.7,Transfer
2024-01-22,Mobile App,10403,17042,3955,88,0.0146,9,9.5,Payment
2024-01-22,Mobile App,6915,9898,2229,80,0.0167,13,9.7,Investment
2024-01-22,Mobile App,5198,7677,1772,106,0.0168,13,9.6,Support
2024-01-22,Web,3736,5152,1781,94,0.0212,0,4.8,Transfer
2024-01-22,Web,4310,5512,1929,91,0.0234,0,4.8,Payment
2024-01-22,Web,3166,4244,1375,67,0.0219,0,5.0,Investment
2024-01-22,Web,2223,3472,1134,91,0.0222,0,5.8,Support
2024-01-22,ATM,1154,2168,391,0,0.005,0,1.5,Transfer
2024-01-22,ATM,1251,2834,523,0,0.0053,0,1.6,Payment
2024-01-22,ATM,886,1867,342,0,0.0056,0,1.5,Investment
2024-01-22,ATM,594,1358,260,0,0.0051,0,1.4,Support
2024-01-23,Mobile App,9131,15730,3347,81,0.0159,12,8.0,Transfer
2024-01-23,Mobile App,11933,15960,3584,97,0.0153,13,8.0,Payment
2024-01-23,Mobile App,7883,10008,2196,80,0.0131,14,7.9,Investment
2024-01-23,Mobile App,5775,8010,1694,103,0.0155,15,9.1,Support
2024-01-23,Web,3770,5056,1678,92,0.0203,0,4.7,Transfer
2024-01-23,Web,4408,5562,2097,99,0.0226,0,5.7,Payment
2024-01-23,Web,3120,4429,1529,79,0.0231,0,5.6,Investment
2024-01-23,Web,2046,3190,1178,68,0.0204,0,5.7,Support
2024-01-23,ATM,996,2260,405,0,0.005,0,1.7,Transfer
2024-01-23,ATM,1424,2561,475,0,0.0048,0,1.4,Payment
2024-01-23,ATM,880,1795,312,0,0.0054,0,1.4,Investment
2024-01-23,ATM,632,1377,266,0,0.0044,0,1.5,Support
2024-01-24,Mobile App,9195,15381,3444,100,0.014,9,9.3,Transfer
2024-01-24,Mobile App,10810,17394,3803,101,0.0138,13,9.2,Payment
2024-01-24,Mobile App,7607,11851,2813,87,0.0128,7,7.4,Investment
2024-01-24,Mobile App,5582,8576,1943,89,0.016,9,7.3,Support
2024-01-24,Web,3748,4673,1660,96,0.0201,0,5.4,Transfer
2024-01-24,Web,4060,6965,2276,87,0.0212,0,5.6,Payment
2024-01-24,Web,3015,4488,1492,70,0.0199,0,4.9,Investment
2024-01-24,Web,2267,2818,979,100,0.0238,0,5.5,Support
2024-01-24,ATM,1126,2417,418,0,0.0054,0,1.4,Transfer
2024-01-24,ATM,1193,2651,515,0,0.0046,0,1.6,Payment
2024-01-24,ATM,815,1628,316,0,0.0046,0,1.5,Investment
2024-01-24,ATM,672,1234,224,0,0.0049,0,1.6,Support
2024-01-25,Mobile App,8785,14103,2983,77,0.0131,14,9.2,Transfer
2024-01-25,Mobile App,10341,17155,3866,76,0.0129,10,7.6,Payment
2024-01-25,Mobile App,7369,11144,2257,103,0.0162,11,8.3,Investment
2024-01-25,Mobile App,5982,9225,1890,84,0.0145,13,9.2,Support
2024-01-25,Web,3390,5284,1995,78,0.0207,0,4.5,Transfer
2024-01-25,Web,4839,6509,2229,95,0.0209,0,5.7,Payment
2024-01-25,Web,3087,3980,1327,85,0.0251,0,5.5,Investment
2024-01-25,Web,2112,3061,1004,90,0.0219,0,5.8,Support
2024-01-25,ATM,1071,2091,348,0,0.0043,0,1.7,Transfer
2024-01-25,ATM,1233,2639,497,0,0.0052,0,1.5,Payment
2024-01-25,ATM,948,1943,376,0,0.0043,0,1.4,Investment
2024-01-25,ATM,629,1427,253,0,0.0046,0,1.6,Support
2024-01-26,Mobile App,9644,15920,3710,97,0.0161,9,7.4,Transfer
2024-01-26,Mobile App,12062,17233,3500,111,0.0155,9,8.9,Payment
2024-01-26,Mobile App,6934,11886,2784,108,0.0132,13,9.4,Investment
2024-01-26,Mobile App,5257,9298,1919,99,0.0155,7,7.7,Support
2024-01-26,Web,3555,5673,2061,80,0.0195,0,5.5,Transfer
2024-01-26,Web,4450,6030,2267,74,0.019,0,4.7,Payment
2024-01-26,Web,2683,3972,1447,72,0.0211,0,4.7,Investment
2024-01-26,Web,2091,3211,1058,93,0.0229,0,5.0,Support
2024-01-26,ATM,1006,2454,412,0,0.0043,0,1.7,Transfer
2024-01-26,ATM,1349,2760,480,0,0.0053,0,1.6,Payment
2024-01-26,ATM,859,1638,278,0,0.0047,0,1.5,Investment
2024-01-26,ATM,614,1244,231,0,0.0051,0,1.6,Support
2024-01-27,Mobile App,9880,13062,3024,88,0.0146,12,7.7,Transfer
2024-01-27,Mobile App,12725,19385,4346,110,0.0172,12,8.4,Payment
2024-01-27,Mobile App,14862,20220,4130,81,0.0134,15,9.5,Investment
2024-01-27,Mobile App,5795,7987,1876,79,0.0144,9,7.9,Support
2024-01-27,Web,3768,5752,1998,70,0.019,0,5.3,Transfer
2024-01-27,Web,4116,5598,1964,69,0.0203,0,5.1,Payment
2024-01-27,Web,5611,7736,2815,97,0.0202,0,4.6,Investment
2024-01-27,Web,2088,2956,1020,74,0.0246,0,4.5,Support
2024-01-27,ATM,1093,2000,356,0,0.0046,0,1.5,Transfer
2024-01-27,ATM,1207,2606,466,0,0.0045,0,1.4,Payment
2024-01-27,ATM,1538,3227,537,0,0.0051,0,1.4,Investment
2024-01-27,ATM,594,1332,237,0,0.0054,0,1.4,Support
2024-01-28,Mobile App,9329,13390,3085,114,0.0168,12,8.6,Transfer
2024-01-28,Mobile App,11042,17139,3784,111,0.0137,11,8.4,Payment
2024-01-28,Mobile App,13175,21510,5014,87,0.0147,9,9.6,Investment
2024-01-28,Mobile App,6357,9624,2252,94,0.0129,16,9.1,Support
2024-01-28,Web,3692,5176,1781,94,0.0233,0,4.6,Transfer
2024-01-28,Web,4422,5691,2073,90,0.0214,0,4.8,Payment
2024-01-28,Web,5376,7409,2800,67,0.0231,0,4.7,Investment
2024-01-28,Web,2195,3215,1140,100,0.0218,0,4.6,Support
2024-01-28,ATM,1113,2061,393,0,0.0052,0,1.6,Transfer
2024-01-28,ATM,1156,2757,487,0,0.0053,0,1.5,Payment
2024-01-28,ATM,1540,3548,659,0,0.0052,0,1.5,Investment
2024-01-28,ATM,604,1397,256,0,0.0048,0,1.7,Support
2024-01-29,Mobile App,9820,16133,3472,80,0.0145,11,7.3,Transfer
2024-01-29,Mobile App,11436,18252,4147,100,0.0162,8,8.1,Payment
2024-01-29,Mobile App,7895,12170,2779,107,0.0167,13,9.1,Investment
2024-01-29,Mobile App,6181,8433,1973,98,0.0147,7,8.2,Support
2024-01-29,Web,3660,5281,1946,83,0.0222,0,5.7,Transfer
2024-01-29,Web,4789,6262,2145,90,0.0233,0,5.9,Payment
2024-01-29,Web,3183,3908,1452,70,0.0213,0,4.7,Investment
2024-01-29,Web,2420,2846,943,71,0.0197,0,4.7,Support
2024-01-29,ATM,1002,2460,409,0,0.0049,0,1.6,Transfer
2024-01-29,ATM,1389,2647,470,0,0.0054,0,1.3,Payment
2024-01-29,ATM,799,1572,297,0,0.0055,0,1.5,Investment
2024-01-29,ATM,618,1357,250,0,0.0054,0,1.5,Support
2024-01-30,Mobile App,10182,14891,3301,96,0.0153,15,8.0,Transfer
2024-01-30,Mobile App,12511,16577,3572,90,0.0166,8,8.0,Payment
2024-01-30,Mobile App,8604,12163,2531,99,0.0136,8,9.0,Investment
2024-01-30,Mobile App,6392,9497,1976,83,0.0172,12,8.3,Support
2024-01-30,Web,3606,4915,1777,90,0.0252,0,4.7,Transfer
2024-01-30,Web,4397,7072,2489,71,0.0189,0,5.9,Payment
2024-01-30,Web,3121,4686,1752,72,0.0251,0,5.3,Investment
2024-01-30,Web,2225,3286,1112,98,0.0251,0,5.6,Support
2024-01-30,ATM,1165,2298,433,0,0.0053,0,1.7,Transfer
2024-01-30,ATM,1231,2405,431,0,0.0043,0,1.6,Payment
2024-01-30,ATM,783,1566,287,0,0.0046,0,1.4,Investment
2024-01-30,ATM,614,1360,233,0,0.005,0,1.6,Support
2024-01-31,Mobile App,10449,13793,2832,113,0.0158,16,9.7,Transfer
2024-01-31,Mobile App,11652,17815,3984,99,0.013,13,8.2,Payment
2024-01-31,Mobile App,8278,11697,2526,79,0.0143,10,8.4,Investment
2024-01-31,Mobile App,6024,8318,1944,108,0.0146,11,7.6,Support
2024-01-31,Web,3879,5805,2106,81,0.0242,0,5.4,Transfer
2024-01-31,Web,4134,6059,2286,85,0.0209,0,5.9,Payment
2024-01-31,Web,3021,4113,1326,89,0.0205,0,4.7,Investment
2024-01-31,Web,2209,3231,1206,74,0.0242,0,4.9,Support
2024-01-31,ATM,1054,2370,413,0,0.0051,0,1.5,Transfer
2024-01-31,ATM,1327,2465,464,0,0.0045,0,1.4,Payment
2024-01-31,ATM,868,1817,307,0,0.0052,0,1.4,Investment
2024-01-31,ATM,592,1448,267,0,0.0043,0,1.6,Support
2024-02-01,Mobile App,9970,16667,3725,94,0.0149,11,7.9,Transfer
2024-02-01,Mobile App,12426,20016,4628,94,0.016,7,7.9,Payment
2024-02-01,Mobile App,8117,10963,2397,107,0.0144,7,8.1,Investment
2024-02-01,Mobile App,6153,9967,2034,91,0.0156,7,7.7,Support
2024-02-01,Web,3812,5647,2008,73,0.0208,0,4.9,Transfer
2024-02-01,Web,4768,6830,2303,91,0.0211,0,5.3,Payment
2024-02-01,Web,2885,3884,1280,77,0.0238,0,5.1,Investment
2024-02-01,Web,2417,2928,979,85,0.0242,0,5.7,Support
2024-02-01,ATM,1063,2289,442,0,0.0055,0,1.6,Transfer
2024-02-01,ATM,1312,2818,501,0,0.0056,0,1.3,Payment
2024-02-01,ATM,778,1549,272,0,0.0053,0,1.3,Investment
2024-02-01,ATM,623,1467,265,0,0.0057,0,1.4,Support
2024-02-02,Mobile App,9655,15956,3296,85,0.0159,13,8.0,Transfer
2024-02-02,Mobile App,11357,20174,4385,111,0.0133,7,8.5,Payment
2024-02-02,Mobile App,7927,11178,2275,106,0.0154,11,9.5,Investment
2024-02-02,Mobile App,5478,8612,1746,84,0.0133,12,8.7,Support
2024-02-02,Web,3500,5537,1792,73,0.0236,0,4.9,Transfer
2024-02-02,Web,4540,6157,2277,94,0.0227,0,5.2,Payment
2024-02-02,Web,2721,4582,1671,86,0.0234,0,5.9,Investment
2024-02-02,Web,2087,3386,1091,92,0.0248,0,5.9,Support
2024-02-02,ATM,1119,2166,402,0,0.0045,0,1.6,Transfer
2024-02-02,ATM,1157,2826,548,0,0.0049,0,1.5,Payment
2024-02-02,ATM,821,1853,324,0,0.0049,0,1.5,Investment
2024-02-02,ATM,627,1264,220,0,0.0053,0,1.3,Support
2024-02-03,Mobile App,10099,14748,3222,110,0.0158,15,7.8,Transfer
2024-02-03,Mobile App,11909,20320,4419,115,0.0168,14,9.6,Payment
2024-02-03,Mobile App,14765,20091,4543,108,0.0145,12,9.0,Investment
2024-02-03,Mobile App,5605,8871,2013,120,0.0161,15,7.7,Support
2024-02-03,Web,3629,4945,1648,97,0.0214,0,4.8,Transfer
2024-02-03,Web,4409,6394,2333,94,0.0226,0,5.6,Payment
2024-02-03,Web,5933,8845,3024,90,0.025,0,6.0,Investment
2024-02-03,Web,2243,2927,1017,72,0.0219,0,4.8,Support
2024-02-03,ATM,1133,1925,360,0,0.0055,0,1.5,Transfer
2024-02-03,ATM,1131,2403,440,0,0.0047,0,1.4,Payment
2024-02-03,ATM,1600,3458,638,0,0.005,0,1.5,Investment
2024-02-03,ATM,620,1237,223,0,0.005,0,1.5,Support
2024-02-04,Mobile App,10805,15412,3129,112,0.0172,15,7.5,Transfer
2024-02-04,Mobile App,12089,19868,4331,82,0.0135,13,9.2,Payment
2024-02-04,Mobile App,16438,21050,4580,94,0.0145,14,8.7,Investment
2024-02-04,Mobile App,6094,9276,2054,100,0.0153,8,7.4,Support
2024-02-04,Web,3561,5456,1872,91,0.0238,0,4.9,Transfer
2024-02-04,Web,4092,6547,2155,80,0.024,0,5.3,Payment
2024-02-04,Web,5904,8250,2832,82,0.0252,0,5.1,Investment
2024-02-04,Web,2043,3007,1008,79,0.0193,0,5.5,Support
2024-02-04,ATM,1113,1960,334,0,0.0051,0,1.3,Transfer
2024-02-04,ATM,1283,2543,459,0,0.0049,0,1.3,Payment
2024-02-04,ATM,1545,2868,501,0,0.0051,0,1.4,Investment
2024-02-04,ATM,572,1292,240,0,0.0046,0,1.5,Support
2024-02-05,Mobile App,10877,15977,3327,94,0.0171,262,8.8,Transfer
2024-02-05,Mobile App,13453,16553,3846,90,0.0139,281,8.7,Payment
2024-02-05,Mobile App,8691,12655,2988,111,0.0154,337,7.9,Investment
2024-02-05,Mobile App,6225,9284,2019,96,0.0131,382,8.5,Support
2024-02-05,Web,3595,5559,1888,82,0.0204,0,5.2,Transfer
2024-02-05,Web,4648,6493,2411,89,0.0221,0,4.7,Payment
2024-02-05,Web,2995,4445,1636,100,0.0205,0,5.4,Investment
2024-02-05,Web,2385,3481,1298,100,0.0235,0,4.5,Support
2024-02-05,ATM,970,2130,367,0,0.0054,0,1.6,Transfer
2024-02-05,ATM,1323,2524,481,0,0.0056,0,1.6,Payment
2024-02-05,ATM,882,1623,282,0,0.0045,0,1.6,Investment
2024-02-05,ATM,586,1209,205,0,0.0043,0,1.6,Support
2024-02-06,Mobile App,9913,15401,3655,99,0.0168,262,7.9,Transfer
2024-02-06,Mobile App,11200,19836,4209,105,0.0156,232,9.1,Payment
2024-02-06,Mobile App,8708,11045,2584,95,0.0141,236,9.7,Investment
2024-02-06,Mobile App,6673,9655,2255,98,0.0165,385,7.8,Support
2024-02-06,Web,3805,5360,1762,91,0.0225,0,5.6,Transfer
2024-02-06,Web,4525,6426,2102,89,0.0238,0,4.9,Payment
2024-02-06,Web,3201,4532,1664,94,0.0249,0,4.8,Investment
2024-02-06,Web,2074,2995,1010,82,0.0244,0,4.5,Support
2024-02-06,ATM,1034,2242,379,0,0.0051,0,1.5,Transfer
2024-02-06,ATM,1170,2431,457,0,0.0045,0,1.5,Payment
2024-02-06,ATM,800,1633,301,0,0.0056,0,1.3,Investment
2024-02-06,ATM,645,1376,230,0,0.0056,0,1.6,Support
2024-02-07,Mobile App,9855,15121,3401,111,0.0168,355,8.6,Transfer
2024-02-07,Mobile App,11785,18404,3730,122,0.0169,400,8.0,Payment
2024-02-07,Mobile App,9018,13208,2812,118,0.0135,308,8.0,Investment
2024-02-07,Mobile App,6609,9654,2222,94,0.0131,373,8.5,Support
2024-02-07,Web,3937,5919,2016,83,0.0248,0,4.6,Transfer
2024-02-07,Web,4204,6074,1978,83,0.0235,0,5.3,Payment
2024-02-07,Web,2903,4497,1640,90,0.0199,0,5.1,Investment
2024-02-07,Web,2319,2837,945,79,0.0225,0,4.6,Support
2024-02-07,ATM,971,2239,420,0,0.0052,0,1.3,Transfer
2024-02-07,ATM,1249,2500,482,0,0.0049,0,1.7,Payment
2024-02-07,ATM,757,1570,287,0,0.0047,0,1.4,Investment
2024-02-07,ATM,562,1237,219,0,0.0048,0,1.7,Support
2024-02-08,Mobile App,10578,13848,2814,106,0.0155,267,7.5,Transfer
2024-02-08,Mobile App,12424,17704,4114,85,0.0155,339,7.6,Payment
2024-02-08,Mobile App,9110,11527,2563,84,0.0151,372,9.6,Investment
2024-02-08,Mobile App,6668,9375,1972,91,0.017,380,7.9,Support
2024-02-08,Web,3951,5227,1809,75,0.0201,0,5.7,Transfer
2024-02-08,Web,4724,5974,1984,96,0.0189,0,5.9,Payment
2024-02-08,Web,2853,4253,1429,88,0.023,0,4.6,Investment
2024-02-08,Web,2245,3515,1324,82,0.0201,0,5.0,Support
2024-02-08,ATM,1001,2169,364,0,0.0051,0,1.3,Transfer
2024-02-08,ATM,1326,2526,444,0,0.0052,0,1.6,Payment
2024-02-08,ATM,863,1781,336,0,0.0043,0,1.5,Investment
2024-02-08,ATM,596,1417,262,0,0.0044,0,1.7,Support
2024-02-09,Mobile App,9532,14532,3028,104,0.0143,313,7.5,Transfer
2024-02-09,Mobile App,13124,18588,3933,97,0.0172,319,9.7,Payment
2024-02-09,Mobile App,8029,12173,2648,121,0.0139,383,9.6,Investment
2024-02-09,Mobile App,6318,9300,1936,114,0.015,406,8.6,Support
2024-02-09,Web,4092,5566,1929,75,0.0191,0,4.7,Transfer
2024-02-09,Web,4500,5945,2070,72,0.0246,0,5.2,Payment
2024-02-09,Web,2983,4817,1702,84,0.0194,0,5.5,Investment
2024-02-09,Web,2104,3117,1039,78,0.0242,0,5.6,Support
2024-02-09,ATM,1078,2142,396,0,0.0046,0,1.7,Transfer
2024-02-09,ATM,1094,2694,460,0,0.0056,0,1.4,Payment
2024-02-09,ATM,809,1523,267,0,0.0047,0,1.7,Investment
2024-02-09,ATM,561,1227,236,0,0.0044,0,1.4,Support
2024-02-10,Mobile App,9564,15688,3566,104,0.0156,275,8.9,Transfer
2024-02-10,Mobile App,12239,16927,3797,103,0.017,415,9.5,Payment
2024-02-10,Mobile App,16781,21646,5039,118,0.014,377,9.1,Investment
2024-02-10,Mobile App,6395,9737,2002,95,0.0138,372,8.2,Support
2024-02-10,Web,3417,5021,1726,83,0.023,0,5.9,Transfer
2024-02-10,Web,4222,6166,2262,94,0.0248,0,5.8,Payment
2024-02-10,Web,5787,7825,2562,81,0.02,0,5.1,Investment
2024-02-10,Web,2217,3059,1088,72,0.0215,0,5.0,Support
2024-02-10,ATM,944,2165,364,0,0.005,0,1.7,Transfer
2024-02-10,ATM,1252,2609,486,0,0.0056,0,1.5,Payment
2024-02-10,ATM,1556,2835,508,0,0.0044,0,1.6,Investment
2024-02-10,ATM,580,1406,261,0,0.0047,0,1.4,Support
2024-02-11,Mobile App,10470,16198,3593,123,0.0151,322,8.3,Transfer
2024-02-11,Mobile App,12658,20134,4651,100,0.0154,371,7.3,Payment
2024-02-11,Mobile App,16702,23691,5451,120,0.013,303,9.0,Investment
2024-02-11,Mobile App,6137,10075,2308,104,0.0164,289,9.6,Support
2024-02-11,Web,4021,5034,1643,103,0.0204,0,5.5,Transfer
2024-02-11,Web,4484,5740,1975,69,0.023,0,5.1,Payment
2024-02-11,Web,5572,8422,3063,94,0.0207,0,5.7,Investment
2024-02-11,Web,2325,3394,1276,92,0.024,0,4.6,Support
2024-02-11,ATM,929,1934,366,0,0.0053,0,1.4,Transfer
2024-02-11,ATM,1089,2496,424,0,0.0046,0,1.7,Payment
2024-02-11,ATM,1612,3164,532,0,0.0054,0,1.3,Investment
2024-02-11,ATM,592,1138,218,0,0.0054,0,1.5,Support
2024-02-12,Mobile App,10656,14183,3095,95,0.0141,15,8.2,Transfer
2024-02-12,Mobile App,12399,17403,4042,103,0.0146,11,8.7,Payment
2024-02-12,Mobile App,8945,14361,2925,102,0.0151,14,9.6,Investment
2024-02-12,Mobile App,6932,10467,2204,88,0.0128,12,8.6,Support
2024-02-12,Web,3617,5612,2086,73,0.0228,0,5.4,Transfer
2024-02-12,Web,4505,6404,2120,94,0.0218,0,5.1,Payment
2024-02-12,Web,3039,4427,1595,101,0.0243,0,5.5,Investment
2024-02-12,Web,2262,3551,1287,82,0.0215,0,5.9,Support
2024-02-12,ATM,1028,2010,360,0,0.0057,0,1.3,Transfer
2024-02-12,ATM,1127,2610,439,0,0.005,0,1.4,Payment
2024-02-12,ATM,743,1660,313,0,0.0057,0,1.5,Investment
2024-02-12,ATM,567,1265,246,0,0.0048,0,1.4,Support
2024-02-13,Mobile App,11132,14868,3459,107,0.0164,10,7.5,Transfer
2024-02-13,Mobile App,12197,19641,4312,128,0.0163,14,9.2,Payment
2024-02-13,Mobile App,8699,14129,3284,123,0.0155,8,7.4,Investment
2024-02-13,Mobile App,7026,10371,2451,118,0.0171,14,8.8,Support
2024-02-13,Web,4073,4911,1736,87,0.0198,0,4.6,Transfer
2024-02-13,Web,4292,6299,2285,94,0.0237,0,5.2,Payment
2024-02-13,Web,3266,3983,1364,97,0.0195,0,4.7,Investment
2024-02-13,Web,2494,3468,1118,98,0.0218,0,4.9,Support
2024-02-13,ATM,928,1953,364,0,0.0049,0,1.6,Transfer
2024-02-13,ATM,1131,2634,476,0,0.0054,0,1.3,Payment
2024-02-13,ATM,783,1822,349,0,0.0057,0,1.5,Investment
2024-02-13,ATM,617,1374,245,0,0.0054,0,1.6,Support
2024-02-14,Mobile App,10853,14548,3118,103,0.0162,11,8.2,Transfer
2024-02-14,Mobile App,11777,21443,4454,111,0.0171,16,9.3,Payment
2024-02-14,Mobile App,9303,14451,3138,124,0.0159,15,9.1,Investment
2024-02-14,Mobile App,6247,9370,2169,125,0.0155,8,8.3,Support
2024-02-14,Web,3917,5946,2123,91,0.0216,0,5.0,Transfer
2024-02-14,Web,4854,6761,2471,100,0.0193,0,5.3,Payment
2024-02-14,Web,2979,4580,1700,87,0.0223,0,4.8,Investment
2024-02-14,Web,2290,3116,1063,91,0.0189,0,5.8,Support
2024-02-14,ATM,996,1940,368,0,0.0047,0,1.5,Transfer
2024-02-14,ATM,1187,2609,495,0,0.0046,0,1.5,Payment
2024-02-14,ATM,731,1749,337,0,0.0049,0,1.5,Investment
2024-02-14,ATM,534,1188,205,0,0.0054,0,1.5,Support
2024-02-15,Mobile App,11347,18033,4072,123,0.0138,10,8.9,Transfer
2024-02-15,Mobile App,13878,19926,4131,103,0.0161,8,8.5,Payment
2024-02-15,Mobile App,8168,13928,3042,93,0.0147,11,7.5,Investment
2024-02-15,Mobile App,6429,8922,1873,90,0.0158,11,8.7,Support
2024-02-15,Web,4027,5936,2106,91,0.0253,0,5.5,Transfer
2024-02-15,Web,4988,6903,2384,75,0.022,0,5.2,Payment
2024-02-15,Web,3026,4849,1701,88,0.0233,0,5.1,Investment
2024-02-15,Web,2075,3000,1060,101,0.0195,0,5.7,Support
2024-02-15,ATM,907,1985,345,0,0.005,0,1.3,Transfer
2024-02-15,ATM,1134,2385,415,0,0.0043,0,1.3,Payment
2024-02-15,ATM,831,1609,310,0,0.0047,0,1.4,Investment
2024-02-15,ATM,552,1300,215,0,0.0051,0,1.3,Support
2024-02-16,Mobile App,9947,16341,3486,107,0.0143,10,9.4,Transfer
2024-02-16,Mobile App,14009,17963,3723,115,0.0162,13,7.6,Payment
2024-02-16,Mobile App,9154,11838,2656,114,0.0145,15,8.1,Investment
2024-02-16,Mobile App,5969,10252,2235,99,0.0131,8,7.3,Support
2024-02-16,Web,3921,5815,1973,92,0.0229,0,4.6,Transfer
2024-02-16,Web,5003,6617,2411,103,0.0221,0,5.6,Payment
2024-02-16,Web,3059,3863,1386,88,0.0251,0,4.8,Investment
2024-02-16,Web,2158,3535,1304,90,0.0193,0,5.3,Support
2024-02-16,ATM,944,2083,374,0,0.0057,0,1.4,Transfer
2024-02-16,ATM,1099,2168,392,0,0.0048,0,1.3,Payment
2024-02-16,ATM,858,1648,286,0,0.0045,0,1.6,Investment
2024-02-16,ATM,546,1356,251,0,0.0043,0,1.7,Support
2024-02-17,Mobile App,10306,17357,3695,92,0.0134,15,7.9,Transfer
2024-02-17,Mobile App,14376,21714,4435,98,0.0154,9,8.5,Payment
2024-02-17,Mobile App,16526,27439,5814,102,0.0152,7,7.3,Investment
2024-02-17,Mobile App,6781,10890,2211,112,0.0154,8,9.2,Support
2024-02-17,Web,3945,4978,1761,85,0.0243,0,5.2,Transfer
2024-02-17,Web,4854,6000,2114,75,0.0203,0,5.9,Payment
2024-02-17,Web,6273,8313,2696,98,0.025,0,5.4,Investment
2024-02-17,Web,2367,3020,983,102,0.0205,0,4.8,Support
2024-02-17,ATM,1009,2273,432,0,0.0046,0,1.7,Transfer
2024-02-17,ATM,1118,2238,405,0,0.0044,0,1.3,Payment
2024-02-17,ATM,1519,3286,613,0,0.0057,0,1.7,Investment
2024-02-17,ATM,550,1219,230,0,0.0056,0,1.7,Support
2024-02-18,Mobile App,11371,18519,4210,100,0.0157,10,7.8,Transfer
2024-02-18,Mobile App,14506,19109,4482,94,0.0169,13,7.2,Payment
2024-02-18,Mobile App,14979,22960,5096,119,0.015,10,7.4,Investment
2024-02-18,Mobile App,7143,10326,2286,128,0.0164,11,7.5,Support
2024-02-18,Web,4198,5317,1891,83,0.0242,0,5.7,Transfer
2024-02-18,Web,5048,5983,2051,76,0.0188,0,5.6,Payment
2024-02-18,Web,6051,8576,3102,76,0.0241,0,5.4,Investment
2024-02-18,Web,2443,3067,1156,104,0.0189,0,5.2,Support
2024-02-18,ATM,1009,2071,343,0,0.0057,0,1.6,Transfer
2024-02-18,ATM,1072,2294,413,0,0.0045,0,1.4,Payment
2024-02-18,ATM,1523,3155,577,0,0.0045,0,1.5,Investment
2024-02-18,ATM,610,1103,212,0,0.0055,0,1.7,Support
2024-02-19,Mobile App,11645,15799,3669,90,0.0171,13,8.8,Transfer
2024-02-19,Mobile App,13846,21887,4431,108,0.0158,13,9.4,Payment
2024-02-19,Mobile App,8593,14467,3135,94,0.0151,11,8.5,Investment
2024-02-19,Mobile App,6071,10554,2154,129,0.0151,10,8.2,Support
2024-02-19,Web,3715,5990,2200,105,0.0202,0,5.5,Transfer
2024-02-19,Web,5033,7247,2413,81,0.0191,0,5.4,Payment
2024-02-19,Web,2784,4320,1397,98,0.0249,0,5.7,Investment
2024-02-19,Web,2189,3273,1230,99,0.0241,0,5.2,Support
2024-02-19,ATM,914,1803,330,0,0.0049,0,1.3,Transfer
2024-02-19,ATM,1145,2194,425,0,0.0056,0,1.4,Payment
2024-02-19,ATM,832,1682,316,0,0.0043,0,1.6,Investment
2024-02-19,ATM,527,1238,220,0,0.0044,0,1.3,Support
2024-02-20,Mobile App,10196,18210,3943,117,0.0146,15,9.2,Transfer
2024-02-20,Mobile App,13773,19934,4360,108,0.0155,8,8.9,Payment
2024-02-20,Mobile App,9274,11910,2627,115,0.0132,7,9.0,Investment
2024-02-20,Mobile App,6844,10904,2554,95,0.015,10,8.5,Support
2024-02-20,Web,3943,5085,1677,71,0.0195,0,5.3,Transfer
2024-02-20,Web,4632,6840,2340,90,0.0223,0,4.6,Payment
2024-02-20,Web,3061,4509,1525,104,0.0221,0,5.4,Investment
2024-02-20,Web,2145,3092,1137,90,0.0191,0,5.0,Support
2024-02-20,ATM,1051,2067,354,0,0.0044,0,1.4,Transfer
2024-02-20,ATM,1146,2510,449,0,0.0053,0,1.7,Payment
2024-02-20,ATM,778,1536,268,0,0.0047,0,1.3,Investment
2024-02-20,ATM,619,1318,237,0,0.0056,0,1.6,Support
2024-02-21,Mobile App,11699,16760,3518,111,0.0162,15,9.3,Transfer
2024-02-21,Mobile App,13181,19790,4581,90,0.0128,10,8.6,Payment
2024-02-21,Mobile App,8366,13323,2993,131,0.0144,16,7.7,Investment
2024-02-21,Mobile App,6466,9453,2000,97,0.0166,9,7.7,Support
2024-02-21,Web,3607,5194,1702,99,0.0196,0,5.4,Transfer
2024-02-21,Web,4984,6355,2121,86,0.0211,0,5.0,Payment
2024-02-21,Web,2882,4436,1627,92,0.0216,0,5.5,Investment
2024-02-21,Web,2137,3609,1189,77,0.0222,0,5.5,Support
2024-02-21,ATM,920,1956,360,0,0.0056,0,1.6,Transfer
2024-02-21,ATM,1166,2591,451,0,0.0045,0,1.4,Payment
2024-02-21,ATM,783,1507,255,0,0.005,0,1.5,Investment
2024-02-21,ATM,571,1259,237,0,0.0054,0,1.6,Support
2024-02-22,Mobile App,10574,16535,3860,124,0.0144,12,7.7,Transfer
2024-02-22,Mobile App,14171,20515,4501,133,0.0149,12,8.9,Payment
2024-02-22,Mobile App,9589,14082,2953,131,0.0148,9,7.8,Investment
2024-02-22,Mobile App,6694,9894,2057,128,0.0139,8,9.1,Support
2024-02-22,Web,3705,5544,1857,72,0.0221,0,4.9,Transfer
2024-02-22,Web,4591,6516,2232,88,0.0205,0,4.5,Payment
2024-02-22,Web,3055,4167,1359,102,0.0206,0,5.2,Investment
2024-02-22,Web,2340,2976,1004,78,0.0195,0,5.0,Support
2024-02-22,ATM,959,1901,352,0,0.0046,0,1.6,Transfer
2024-02-22,ATM,1201,2572,440,0,0.0052,0,1.3,Payment
2024-02-22,ATM,814,1666,302,0,0.0046,0,1.6,Investment
2024-02-22,ATM,545,1144,222,0,0.0057,0,1.6,Support
2024-02-23,Mobile App,11979,15086,3401,136,0.017,15,7.8,Transfer
2024-02-23,Mobile App,14281,19077,4018,117,0.0152,11,9.3,Payment
2024-02-23,Mobile App,8823,12311,2858,110,0.017,11,8.3,Investment
2024-02-23,Mobile App,7317,9096,1886,130,0.0141,14,8.5,Support
2024-02-23,Web,3993,5337,1786,85,0.0237,0,5.6,Transfer
2024-02-23,Web,4822,6316,2241,90,0.0189,0,4.6,Payment
2024-02-23,Web,3392,4948,1751,99,0.0247,0,5.3,Investment
2024-02-23,Web,2271,3223,1209,73,0.0213,0,5.2,Support
2024-02-23,ATM,913,2188,403,0,0.0047,0,1.4,Transfer
2024-02-23,ATM,1174,2181,413,0,0.0052,0,1.3,Payment
2024-02-23,ATM,710,1731,306,0,0.0046,0,1.4,Investment
2024-02-23,ATM,570,1169,206,0,0.0043,0,1.4,Support
2024-02-24,Mobile App,12394,16734,3970,97,0.0146,14,8.2,Transfer
2024-02-24,Mobile App,14856,19168,4467,105,0.0164,13,7.6,Payment
2024-02-24,Mobile App,17442,24602,5155,124,0.0148,9,9.8,Investment
2024-02-24,Mobile App,6798,11113,2486,102,0.0142,12,8.5,Support
2024-02-24,Web,3849,4927,1612,93,0.0248,0,5.0,Transfer
2024-02-24,Web,4972,7114,2447,100,0.0243,0,5.1,Payment
2024-02-24,Web,5444,8544,2958,84,0.023,0,5.5,Investment
2024-02-24,Web,2138,3482,1130,102,0.0197,0,5.8,Support
2024-02-24,ATM,947,2038,341,0,0.0053,0,1.7,Transfer
2024-02-24,ATM,1221,2301,432,0,0.0044,0,1.4,Payment
2024-02-24,ATM,1483,2943,553,0,0.0049,0,1.3,Investment
2024-02-24,ATM,531,1047,174,0,0.0052,0,1.6,Support
2024-02-25,Mobile App,11432,16631,3600,101,0.0129,9,9.0,Transfer
2024-02-25,Mobile App,12818,21583,4721,113,0.0131,13,9.0,Payment
2024-02-25,Mobile App,17064,25738,5462,99,0.0165,13,7.7,Investment
2024-02-25,Mobile App,6392,10968,2285,123,0.0128,9,8.3,Support
2024-02-25,Web,3634,5835,2171,89,0.0216,0,4.5,Transfer
2024-02-25,Web,4787,6696,2405,94,0.0194,0,5.5,Payment
2024-02-25,Web,5762,8521,2767,84,0.02,0,4.8,Investment
2024-02-25,Web,2521,3090,998,72,0.0188,0,5.7,Support
2024-02-25,ATM,969,1745,337,0,0.0044,0,1.7,Transfer
2024-02-25,ATM,1160,2465,411,0,0.005,0,1.6,Payment
2024-02-25,ATM,1354,3014,553,0,0.0057,0,1.5,Investment
2024-02-25,ATM,553,1094,185,0,0.0047,0,1.3,Support
2024-02-26,Mobile App,11940,15340,3220,102,0.0157,9,8.8,Transfer
2024-02-26,Mobile App,12632,22780,4940,128,0.015,16,9.0,Payment
2024-02-26,Mobile App,9807,15309,3405,104,0.0132,10,8.8,Investment
2024-02-26,Mobile App,6795,11487,2637,98,0.0135,14,9.0,Support
2024-02-26,Web,4264,5782,1884,71,0.0247,0,5.1,Transfer
2024-02-26,Web,4680,7059,2472,96,0.0188,0,4.5,Payment
2024-02-26,Web,3274,4046,1356,86,0.0203,0,4.5,Investment
2024-02-26,Web,2165,3334,1111,84,0.0229,0,4.8,Support
2024-02-26,ATM,973,2167,387,0,0.0056,0,1.3,Transfer
2024-02-26,ATM,1076,2488,415,0,0.0054,0,1.5,Payment
2024-02-26,ATM,791,1645,283,0,0.0053,0,1.4,Investment
2024-02-26,ATM,525,1039,200,0,0.0057,0,1.6,Support
2024-02-27,Mobile App,12105,16308,3802,117,0.0136,13,7.4,Transfer
2024-02-27,Mobile App,13954,23249,4748,139,0.017,8,7.7,Payment
2024-02-27,Mobile App,9409,14967,3137,116,0.0147,11,7.6,Investment
2024-02-27,Mobile App,6566,10292,2303,107,0.0153,16,7.7,Support
2024-02-27,Web,4181,5544,2080,84,0.0212,0,5.2,Transfer
2024-02-27,Web,4606,6859,2375,76,0.025,0,5.2,Payment
2024-02-27,Web,3282,4378,1430,103,0.0207,0,5.3,Investment
2024-02-27,Web,2364,3081,1058,82,0.0206,0,5.3,Support
2024-02-27,ATM,922,1852,345,0,0.0045,0,1.7,Transfer
2024-02-27,ATM,1001,2517,470,0,0.0048,0,1.5,Payment
2024-02-27,ATM,728,1504,281,0,0.0048,0,1.4,Investment
2024-02-27,ATM,610,1038,198,0,0.0057,0,1.3,Support
2024-02-28,Mobile App,12724,16144,3701,138,0.0162,14,8.1,Transfer
2024-02-28,Mobile App,14642,21764,4687,96,0.0145,11,7.9,Payment
2024-02-28,Mobile App,9327,15476,3329,126,0.0129,13,7.6,Investment
2024-02-28,Mobile App,7175,11664,2421,105,0.0154,13,7.6,Support
2024-02-28,Web,3606,5034,1822,85,0.0234,0,5.9,Transfer
2024-02-28,Web,4293,7354,2729,77,0.0215,0,5.5,Payment
2024-02-28,Web,3125,4499,1672,92,0.0235,0,5.6,Investment
2024-02-28,Web,2542,3644,1196,91,0.024,0,5.7,Support
2024-02-28,ATM,879,1786,334,0,0.0053,0,1.3,Transfer
2024-02-28,ATM,1032,2299,387,0,0.0054,0,1.5,Payment
2024-02-28,ATM,725,1457,259,0,0.0045,0,1.4,Investment
2024-02-28,ATM,512,1148,207,0,0.0044,0,1.5,Support
2024-02-29,Mobile App,11099,16396,3751,132,0.0136,16,9.4,Transfer
2024-02-29,Mobile App,13963,23297,4805,124,0.0131,8,7.5,Payment
2024-02-29,Mobile App,8599,12536,2641,117,0.0162,7,7.9,Investment
2024-02-29,Mobile App,7708,11018,2536,96,0.0137,14,8.2,Support
2024-02-29,Web,3928,6209,2092,88,0.0237,0,5.4,Transfer
2024-02-29,Web,4542,7000,2388,82,0.0203,0,5.0,Payment
2024-02-29,Web,3066,4590,1729,102,0.024,0,4.4,Investment
2024-02-29,Web,2521,3274,1207,104,0.0189,0,4.6,Support
2024-02-29,ATM,922,2116,396,0,0.0046,0,1.5,Transfer
2024-02-29,ATM,1141,2495,450,0,0.0052,0,1.3,Payment
2024-02-29,ATM,753,1690,296,0,0.0052,0,1.7,Investment
2024-02-29,ATM,601,1210,224,0,0.0046,0,1.5,Support
2024-03-01,Mobile App,12406,19012,4081,139,0.017,11,8.9,Transfer
2024-03-01,Mobile App,14774,19268,4161,123,0.016,15,9.5,Payment
2024-03-01,Mobile App,10011,14946,3042,118,0.0131,15,9.8,Investment
2024-03-01,Mobile App,7796,10571,2473,139,0.0149,12,7.8,Support
2024-03-01,Web,3661,6197,2238,75,0.0253,0,4.5,Transfer
2024-03-01,Web,5107,6440,2212,81,0.0234,0,5.5,Payment
2024-03-01,Web,3419,4663,1675,104,0.0229,0,5.2,Investment
2024-03-01,Web,2491,3225,1079,92,0.0248,0,4.5,Support
2024-03-01,ATM,883,2087,390,0,0.0053,0,1.6,Transfer
2024-03-01,ATM,1156,2535,452,0,0.0046,0,1.4,Payment
2024-03-01,ATM,699,1378,242,0,0.0051,0,1.4,Investment
2024-03-01,ATM,595,1159,196,0,0.0047,0,1.4,Support
2024-03-02,Mobile App,12468,17045,3804,104,0.0145,11,9.2,Transfer
2024-03-02,Mobile App,15134,23658,4894,126,0.0154,8,7.2,Payment
2024-03-02,Mobile App,19114,25600,5917,109,0.0137,13,7.6,Investment
2024-03-02,Mobile App,6832,11348,2636,134,0.0129,10,8.5,Support
2024-03-02,Web,4075,5304,1960,92,0.0229,0,4.8,Transfer
2024-03-02,Web,4515,7485,2435,100,0.0197,0,5.5,Payment
2024-03-02,Web,6300,9292,3109,98,0.0248,0,5.6,Investment
2024-03-02,Web,2524,3549,1202,101,0.0247,0,4.7,Support
2024-03-02,ATM,820,1841,327,0,0.005,0,1.4,Transfer
2024-03-02,ATM,1064,2034,379,0,0.0047,0,1.7,Payment
2024-03-02,ATM,1415,2867,483,0,0.0047,0,1.6,Investment
2024-03-02,ATM,584,1012,195,0,0.0047,0,1.6,Support
2024-03-03,Mobile App,12152,17701,3883,138,0.0137,14,7.7,Transfer
2024-03-03,Mobile App,14796,20830,4844,100,0.0163,15,8.2,Payment
2024-03-03,Mobile App,19685,28087,5851,98,0.0144,11,9.6,Investment
2024-03-03,Mobile App,6631,10811,2317,116,0.0134,14,7.8,Support
2024-03-03,Web,3634,5480,1857,93,0.0198,0,5.6,Transfer
2024-03-03,Web,4981,7538,2710,75,0.0218,0,5.7,Payment
2024-03-03,Web,5761,8697,3017,72,0.0195,0,4.6,Investment
2024-03-03,Web,2427,3702,1239,93,0.0252,0,5.2,Support
2024-03-03,ATM,937,1697,310,0,0.0048,0,1.7,Transfer
2024-03-03,ATM,1126,2146,363,0,0.0047,0,1.6,Payment
2024-03-03,ATM,1451,2845,504,0,0.0053,0,1.5,Investment
2024-03-03,ATM,575,1204,218,0,0.0043,0,1.7,Support
2024-03-04,Mobile App,12125,19429,4378,132,0.0137,13,7.5,Transfer
2024-03-04,Mobile App,15483,22672,4593,117,0.0142,7,8.7,Payment
2024-03-04,Mobile App,9919,13010,2751,132,0.0131,8,8.0,Investment
2024-03-04,Mobile App,7892,9975,2362,127,0.0139,7,9.6,Support
2024-03-04,Web,4259,5350,1883,77,0.0219,0,4.9,Transfer
2024-03-04,Web,5117,7561,2691,90,0.0232,0,5.5,Payment
2024-03-04,Web,2865,4003,1321,102,0.0201,0,4.6,Investment
2024-03-04,Web,2389,3452,1165,98,0.0215,0,5.3,Support
2024-03-04,ATM,854,1937,330,0,0.0049,0,1.7,Transfer
2024-03-04,ATM,1115,2481,421,0,0.0046,0,1.6,Payment
2024-03-04,ATM,684,1543,284,0,0.0053,0,1.5,Investment
2024-03-04,ATM,554,1125,192,0,0.0055,0,1.4,Support
2024-03-05,Mobile App,12792,17616,4163,108,0.014,12,9.0,Transfer
2024-03-05,Mobile App,14244,20881,4292,140,0.0163,8,9.3,Payment
2024-03-05,Mobile App,9238,13114,3106,107,0.017,14,7.5,Investment
2024-03-05,Mobile App,7296,11867,2648,135,0.0132,10,8.7,Support
2024-03-05,Web,3775,5330,1746,73,0.0208,0,5.6,Transfer
2024-03-05,Web,4435,7265,2615,100,0.0223,0,5.8,Payment
2024-03-05,Web,3096,4611,1552,96,0.0234,0,5.4,Investment
2024-03-05,Web,2199,3438,1159,105,0.0229,0,5.0,Support
2024-03-05,ATM,942,1939,344,0,0.0049,0,1.5,Transfer
2024-03-05,ATM,1040,2215,385,0,0.0057,0,1.5,Payment
2024-03-05,ATM,745,1639,282,0,0.0052,0,1.3,Investment
2024-03-05,ATM,514,1188,226,0,0.0052,0,1.3,Support
2024-03-06,Mobile App,11527,16461,3665,101,0.014,16,9.3,Transfer
2024-03-06,Mobile App,13164,24243,5485,142,0.0134,11,9.0,Payment
2024-03-06,Mobile App,10071,14705,3041,97,0.0136,15,7.2,Investment
2024-03-06,Mobile App,7186,11034,2367,145,0.0157,16,9.8,Support
2024-03-06,Web,4306,5899,1913,88,0.0198,0,5.9,Transfer
2024-03-06,Web,4996,7437,2468,85,0.0196,0,5.0,Payment
2024-03-06,Web,2879,4515,1497,107,0.0209,0,5.5,Investment
2024-03-06,Web,2530,3675,1360,82,0.0219,0,4.8,Support
2024-03-06,ATM,799,1908,338,0,0.0056,0,1.7,Transfer
2024-03-06,ATM,1163,2228,426,0,0.0057,0,1.7,Payment
2024-03-06,ATM,759,1322,219,0,0.0049,0,1.4,Investment
2024-03-06,ATM,490,1069,199,0,0.0049,0,1.3,Support
2024-03-07,Mobile App,12054,17005,3759,141,0.0146,15,7.2,Transfer
2024-03-07,Mobile App,15459,20683,4529,116,0.0144,15,8.6,Payment
2024-03-07,Mobile App,9328,16391,3696,119,0.0134,14,7.2,Investment
2024-03-07,Mobile App,7897,11554,2384,111,0.0134,11,8.1,Support
2024-03-07,Web,3590,5885,2208,107,0.0252,0,4.6,Transfer
2024-03-07,Web,4744,6784,2443,77,0.0237,0,5.6,Payment
2024-03-07,Web,3106,4773,1735,102,0.0196,0,5.9,Investment
2024-03-07,Web,2516,3091,1055,72,0.0232,0,4.5,Support
2024-03-07,ATM,941,1808,330,0,0.0043,0,1.5,Transfer
2024-03-07,ATM,1013,1986,353,0,0.0052,0,1.6,Payment
2024-03-07,ATM,662,1394,235,0,0.0046,0,1.6,Investment
2024-03-07,ATM,547,1085,194,0,0.0054,0,1.3,Support
2024-03-08,Mobile App,12854,18923,3956,140,0.0156,8,7.5,Transfer
2024-03-08,Mobile App,14454,20917,4375,105,0.0128,9,9.4,Payment
2024-03-08,Mobile App,9595,14833,3368,146,0.0137,11,7.4,Investment
2024-03-08,Mobile App,7265,9869,2036,116,0.017,14,7.9,Support
2024-03-08,Web,4282,5236,1686,96,0.0208,0,4.9,Transfer
2024-03-08,Web,4553,6977,2415,81,0.0219,0,4.9,Payment
2024-03-08,Web,2928,4719,1700,100,0.0196,0,5.0,Investment
2024-03-08,Web,2529,3600,1278,94,0.0203,0,4.9,Support
2024-03-08,ATM,893,1648,278,0,0.0052,0,1.5,Transfer
2024-03-08,ATM,957,2442,467,0,0.0055,0,1.4,Payment
2024-03-08,ATM,695,1322,255,0,0.0052,0,1.4,Investment
2024-03-08,ATM,524,1166,211,0,0.0045,0,1.3,Support
2024-03-09,Mobile App,12149,19468,4551,136,0.0166,12,8.1,Transfer
2024-03-09,Mobile App,14425,22926,4735,120,0.0149,12,9.7,Payment
2024-03-09,Mobile App,19605,25570,5422,146,0.0141,16,7.4,Investment
2024-03-09,Mobile App,8111,10290,2378,123,0.0151,12,7.4,Support
2024-03-09,Web,3926,5692,2012,86,0.0227,0,4.7,Transfer
2024-03-09,Web,4297,6933,2462,73,0.0248,0,5.2,Payment
2024-03-09,Web,5968,8971,3019,103,0.0207,0,4.8,Investment
2024-03-09,Web,2203,3182,1120,83,0.0229,0,5.9,Support
2024-03-09,ATM,834,1659,316,0,0.0043,0,1.7,Transfer
2024-03-09,ATM,1150,2031,343,0,0.0052,0,1.6,Payment
2024-03-09,ATM,1434,2615,504,0,0.0056,0,1.4,Investment
2024-03-09,ATM,485,1196,208,0,0.0057,0,1.6,Support
2024-03-10,Mobile App,11200,17978,4101,113,0.0139,7,8.9,Transfer
2024-03-10,Mobile App,15995,24703,5507,135,0.0158,16,7.9,Payment
2024-03-10,Mobile App,19094,28635,6004,121,0.0142,9,8.8,Investment
2024-03-10,Mobile App,7983,10894,2376,135,0.0147,8,8.4,Support
2024-03-10,Web,3979,5634,2071,79,0.0225,0,5.9,Transfer
2024-03-10,Web,4474,6470,2196,105,0.0241,0,5.5,Payment
2024-03-10,Web,5601,7804,2699,89,0.023,0,5.0,Investment
2024-03-10,Web,2497,3116,1134,73,0.0194,0,5.0,Support
2024-03-10,ATM,801,1598,303,0,0.0057,0,1.3,Transfer
2024-03-10,ATM,1098,2050,395,0,0.0051,0,1.6,Payment
2024-03-10,ATM,1175,2905,526,0,0.0055,0,1.7,Investment
2024-03-10,ATM,478,991,186,0,0.0056,0,1.6,Support
2024-03-11,Mobile App,11999,18625,3930,126,0.014,12,7.3,Transfer
2024-03-11,Mobile App,13611,22704,4677,144,0.0146,7,7.8,Payment
2024-03-11,Mobile App,9438,14564,3129,114,0.0169,13,9.0,Investment
2024-03-11,Mobile App,7809,12314,2706,149,0.0138,16,7.9,Support
2024-03-11,Web,3651,5472,1872,106,0.0193,0,4.5,Transfer
2024-03-11,Web,4453,6722,2291,79,0.0215,0,5.8,Payment
2024-03-11,Web,3311,4696,1588,104,0.0205,0,5.2,Investment
2024-03-11,Web,2331,3227,1203,102,0.0239,0,5.8,Support
2024-03-11,ATM,946,1920,326,0,0.0045,0,1.5,Transfer
2024-03-11,ATM,1098,2406,455,0,0.0044,0,1.5,Payment
2024-03-11,ATM,722,1317,230,0,0.0044,0,1.6,Investment
2024-03-11,ATM,503,1078,193,0,0.0057,0,1.5,Support
2024-03-12,Mobile App,12886,17182,4049,146,0.0145,12,8.6,Transfer
2024-03-12,Mobile App,15030,22775,4794,104,0.016,12,9.2,Payment
2024-03-12,Mobile App,10659,14038,2884,118,0.0137,15,8.1,Investment
2024-03-12,Mobile App,7487,10296,2124,146,0.0144,15,9.2,Support
2024-03-12,Web,3708,5655,2085,93,0.0248,0,5.1,Transfer
2024-03-12,Web,4518,6399,2328,77,0.0233,0,4.6,Payment
2024-03-12,Web,3346,4783,1654,75,0.0194,0,5.3,Investment
2024-03-12,Web,2387,3503,1159,78,0.0196,0,4.8,Support
2024-03-12,ATM,775,1932,343,0,0.0054,0,1.5,Transfer
2024-03-12,ATM,956,2162,417,0,0.005,0,1.6,Payment
2024-03-12,ATM,679,1481,246,0,0.0044,0,1.3,Investment
2024-03-12,ATM,530,1100,188,0,0.0045,0,1.5,Support
2024-03-13,Mobile App,12415,20946,4574,136,0.0139,12,8.0,Transfer
2024-03-13,Mobile App,14304,25044,5309,105,0.0144,16,9.1,Payment
2024-03-13,Mobile App,9885,13517,2922,142,0.0171,13,7.4,Investment
2024-03-13,Mobile App,7855,11285,2543,121,0.0145,7,8.2,Support
2024-03-13,Web,3943,5404,1772,86,0.0238,0,4.9,Transfer
2024-03-13,Web,4554,6308,2069,80,0.0188,0,5.8,Payment
2024-03-13,Web,3003,4248,1589,82,0.0193,0,5.3,Investment
2024-03-13,Web,2183,3832,1338,74,0.0193,0,4.9,Support
2024-03-13,ATM,936,1887,365,0,0.005,0,1.4,Transfer
2024-03-13,ATM,1002,2062,349,0,0.0053,0,1.4,Payment
2024-03-13,ATM,737,1425,257,0,0.0054,0,1.3,Investment
2024-03-13,ATM,542,1062,202,0,0.0043,0,1.3,Support
2024-03-14,Mobile App,13134,17086,3835,149,0.0138,9,9.0,Transfer
2024-03-14,Mobile App,14114,24006,5698,126,0.0172,13,8.6,Payment
2024-03-14,Mobile App,10682,15014,3108,116,0.0156,16,7.3,Investment
2024-03-14,Mobile App,7926,11905,2510,151,0.0155,16,8.7,Support
2024-03-14,Web,4407,5176,1671,101,0.0207,0,5.8,Transfer
2024-03-14,Web,5099,7528,2634,90,0.0198,0,4.9,Payment
2024-03-14,Web,2931,4668,1595,75,0.0234,0,5.1,Investment
2024-03-14,Web,2640,3832,1398,89,0.0248,0,5.9,Support
2024-03-14,ATM,929,1765,311,0,0.0047,0,1.5,Transfer
2024-03-14,ATM,1043,2216,395,0,0.005,0,1.6,Payment
2024-03-14,ATM,654,1274,226,0,0.0049,0,1.7,Investment
2024-03-14,ATM,559,945,183,0,0.0043,0,1.6,Support
2024-03-15,Mobile App,13244,19382,4028,107,0.0144,12,9.4,Transfer
2024-03-15,Mobile App,14436,24983,5645,119,0.0149,12,9.3,Payment
2024-03-15,Mobile App,9392,14110,2910,150,0.0145,11,8.2,Investment
2024-03-15,Mobile App,6975,11028,2467,112,0.0161,8,8.4,Support
2024-03-15,Web,4054,6357,2099,81,0.0225,0,6.0,Transfer
2024-03-15,Web,5086,6164,2264,102,0.0252,0,4.8,Payment
2024-03-15,Web,3028,4066,1482,89,0.0204,0,4.7,Investment
2024-03-15,Web,2238,3257,1064,105,0.0217,0,5.1,Support
2024-03-15,ATM,796,1926,329,0,0.0043,0,1.7,Transfer
2024-03-15,ATM,999,2346,409,0,0.0045,0,1.7,Payment
2024-03-15,ATM,673,1419,267,0,0.0057,0,1.5,Investment
2024-03-15,ATM,548,1073,203,0,0.0051,0,1.7,Support
2024-03-16,Mobile App,12028,20226,4506,109,0.0157,15,9.1,Transfer
2024-03-16,Mobile App,16359,24329,4936,148,0.017,11,8.0,Payment
2024-03-16,Mobile App,20321,30002,6350,139,0.0172,16,9.4,Investment
2024-03-16,Mobile App,7886,11904,2652,104,0.0161,9,9.0,Support
2024-03-16,Web,4245,5889,1968,81,0.02,0,5.5,Transfer
2024-03-16,Web,5269,6685,2289,84,0.0207,0,5.7,Payment
2024-03-16,Web,5584,8623,3259,88,0.021,0,5.7,Investment
2024-03-16,Web,2379,3842,1309,107,0.0217,0,5.0,Support
2024-03-16,ATM,848,1608,286,0,0.0047,0,1.6,Transfer
2024-03-16,ATM,1044,2167,403,0,0.0057,0,1.7,Payment
2024-03-16,ATM,1159,2365,449,0,0.0044,0,1.3,Investment
2024-03-16,ATM,547,950,178,0,0.0052,0,1.5,Support
2024-03-17,Mobile App,13207,19311,4456,137,0.0166,9,9.2,Transfer
2024-03-17,Mobile App,15596,21012,4886,151,0.0143,14,8.4,Payment
2024-03-17,Mobile App,20870,29950,6889,123,0.017,14,8.5,Investment
2024-03-17,Mobile App,7359,12018,2562,149,0.0168,13,7.2,Support
2024-03-17,Web,4361,5113,1654,102,0.0242,0,5.2,Transfer
2024-03-17,Web,5071,6609,2191,94,0.0215,0,5.3,Payment
2024-03-17,Web,5916,8881,3055,75,0.0249,0,5.1,Investment
2024-03-17,Web,2631,3365,1221,88,0.0208,0,4.7,Support
2024-03-17,ATM,790,1827,309,0,0.0044,0,1.5,Transfer
2024-03-17,ATM,980,2219,426,0,0.0055,0,1.3,Payment
2024-03-17,ATM,1208,2355,392,0,0.0043,0,1.6,Investment
2024-03-17,ATM,466,1073,194,0,0.0057,0,1.5,Support
2024-03-18,Mobile App,11700,20481,4854,136,0.0162,8,8.9,Transfer
2024-03-18,Mobile App,14650,21560,5002,140,0.0164,10,7.9,Payment
2024-03-18,Mobile App,9415,13960,2896,104,0.0172,15,7.5,Investment
2024-03-18,Mobile App,8419,10581,2194,116,0.0136,7,9.4,Support
2024-03-18,Web,4372,5365,1758,103,0.0214,0,5.2,Transfer
2024-03-18,Web,4968,6442,2226,106,0.0229,0,5.1,Payment
2024-03-18,Web,3012,4393,1637,98,0.0229,0,5.8,Investment
2024-03-18,Web,2237,3331,1137,110,0.0227,0,4.4,Support
2024-03-18,ATM,834,1628,275,0,0.0052,0,1.5,Transfer
2024-03-18,ATM,1000,2206,379,0,0.0048,0,1.7,Payment
2024-03-18,ATM,601,1263,212,0,0.0053,0,1.3,Investment
2024-03-18,ATM,475,963,162,0,0.0053,0,1.6,Support
2024-03-19,Mobile App,12906,20933,4558,153,0.0169,9,7.7,Transfer
2024-03-19,Mobile App,16669,24605,5813,109,0.0163,12,7.6,Payment
2024-03-19,Mobile App,9782,16421,3574,127,0.0154,9,8.0,Investment
2024-03-19,Mobile App,7183,11364,2380,122,0.0168,15,8.4,Support
2024-03-19,Web,4361,6415,2157,89,0.0227,0,5.8,Transfer
2024-03-19,Web,5292,6986,2405,78,0.024,0,5.1,Payment
2024-03-19,Web,3033,4341,1450,87,0.0197,0,4.9,Investment
2024-03-19,Web,2189,3624,1312,81,0.0224,0,4.9,Support
2024-03-19,ATM,781,1540,268,0,0.0046,0,1.4,Transfer
2024-03-19,ATM,1002,2171,419,0,0.0055,0,1.6,Payment
2024-03-19,ATM,670,1424,264,0,0.0049,0,1.6,Investment
2024-03-19,ATM,465,920,165,0,0.0043,0,1.4,Support
2024-03-20,Mobile App,12061,19362,4329,135,0.0138,7,7.3,Transfer
2024-03-20,Mobile App,16554,23928,4847,128,0.0133,16,7.3,Payment
2024-03-20,Mobile App,10514,15770,3379,105,0.0149,15,8.3,Investment
2024-03-20,Mobile App,7521,11234,2411,108,0.0162,11,7.3,Support
2024-03-20,Web,3889,6462,2259,97,0.0247,0,5.7,Transfer
2024-03-20,Web,5289,6285,2103,104,0.0196,0,6.0,Payment
2024-03-20,Web,3476,4881,1634,77,0.0235,0,5.7,Investment
2024-03-20,Web,2585,3505,1130,99,0.019,0,5.8,Support
2024-03-20,ATM,745,1524,266,0,0.0046,0,1.6,Transfer
2024-03-20,ATM,1042,1992,370,0,0.0056,0,1.5,Payment
2024-03-20,ATM,606,1308,222,0,0.0051,0,1.7,Investment
2024-03-20,ATM,531,1059,196,0,0.005,0,1.4,Support
2024-03-21,Mobile App,13062,19633,4168,145,0.0149,8,9.2,Transfer
2024-03-21,Mobile App,16409,22782,5281,117,0.0157,15,9.0,Payment
2024-03-21,Mobile App,9604,15723,3300,140,0.0149,10,8.5,Investment
2024-03-21,Mobile App,7620,12697,2910,131,0.0142,16,9.0,Support
2024-03-21,Web,4186,6284,2061,79,0.0248,0,5.0,Transfer
2024-03-21,Web,4825,7161,2387,89,0.0192,0,5.1,Payment
2024-03-21,Web,3368,5142,1822,78,0.0217,0,4.6,Investment
2024-03-21,Web,2246,3076,1070,84,0.0218,0,5.2,Support
2024-03-21,ATM,791,1544,280,0,0.0048,0,1.4,Transfer
2024-03-21,ATM,959,2006,351,0,0.0049,0,1.4,Payment
2024-03-21,ATM,593,1321,254,0,0.0045,0,1.4,Investment
2024-03-21,ATM,457,965,177,0,0.005,0,1.3,Support
2024-03-22,Mobile App,11997,18584,3834,111,0.0168,12,7.8,Transfer
2024-03-22,Mobile App,15922,22452,5242,142,0.0146,10,7.8,Payment
2024-03-22,Mobile App,11230,16548,3638,114,0.0137,13,9.0,Investment
2024-03-22,Mobile App,7574,10450,2183,153,0.0155,14,9.4,Support
2024-03-22,Web,4219,5350,1927,80,0.0209,0,5.1,Transfer
2024-03-22,Web,5331,7249,2508,75,0.0251,0,5.8,Payment
2024-03-22,Web,3039,4938,1593,87,0.0218,0,4.4,Investment
2024-03-22,Web,2622,3463,1124,75,0.0232,0,4.9,Support
2024-03-22,ATM,767,1691,317,0,0.0054,0,1.3,Transfer
2024-03-22,ATM,1032,1948,350,0,0.0048,0,1.5,Payment
2024-03-22,ATM,670,1272,227,0,0.0055,0,1.4,Investment
2024-03-22,ATM,470,1018,188,0,0.0055,0,1.7,Support
2024-03-23,Mobile App,13206,18774,4143,139,0.0134,11,7.8,Transfer
2024-03-23,Mobile App,17468,23029,4686,136,0.0159,11,7.8,Payment
2024-03-23,Mobile App,18239,32817,7079,111,0.014,13,8.6,Investment
2024-03-23,Mobile App,8604,13317,3106,115,0.0168,10,8.1,Support
2024-03-23,Web,4146,6441,2174,81,0.0225,0,5.5,Transfer
2024-03-23,Web,5215,6352,2328,95,0.0239,0,5.0,Payment
2024-03-23,Web,5634,7699,2879,79,0.0232,0,5.2,Investment
2024-03-23,Web,2341,3540,1172,92,0.0191,0,4.9,Support
2024-03-23,ATM,798,1566,297,0,0.0044,0,1.5,Transfer
2024-03-23,ATM,871,1944,369,0,0.0043,0,1.3,Payment
2024-03-23,ATM,1301,2692,485,0,0.0057,0,1.5,Investment
2024-03-23,ATM,527,1059,180,0,0.0053,0,1.5,Support
2024-03-24,Mobile App,14425,18965,3860,156,0.0139,13,8.2,Transfer
2024-03-24,Mobile App,15652,26285,6146,155,0.0154,8,8.3,Payment
2024-03-24,Mobile App,21469,32140,6663,147,0.0139,11,7.7,Investment
2024-03-24,Mobile App,7675,11398,2679,131,0.0136,14,9.4,Support
2024-03-24,Web,3751,5867,2117,93,0.0232,0,5.0,Transfer
2024-03-24,Web,4754,6939,2608,91,0.0247,0,4.5,Payment
2024-03-24,Web,6448,7881,2600,108,0.0239,0,5.3,Investment
2024-03-24,Web,2386,3599,1340,107,0.0191,0,5.7,Support
2024-03-24,ATM,741,1738,311,0,0.0054,0,1.5,Transfer
2024-03-24,ATM,1027,1804,313,0,0.0057,0,1.3,Payment
2024-03-24,ATM,1225,2698,491,0,0.0053,0,1.7,Investment
2024-03-24,ATM,444,1022,184,0,0.0053,0,1.6,Support
2024-03-25,Mobile App,13419,20362,4815,114,0.0168,13,7.6,Transfer
2024-03-25,Mobile App,16462,25343,5965,150,0.0156,9,7.4,Payment
2024-03-25,Mobile App,9958,17514,3865,120,0.0132,7,8.5,Investment
2024-03-25,Mobile App,7850,13269,2826,132,0.0136,9,9.4,Support
2024-03-25,Web,3891,5998,2079,99,0.0195,0,4.6,Transfer
2024-03-25,Web,4436,6405,2329,83,0.0221,0,5.5,Payment
2024-03-25,Web,3074,4650,1573,78,0.0226,0,5.0,Investment
2024-03-25,Web,2342,3407,1250,92,0.0241,0,4.7,Support
2024-03-25,ATM,762,1508,267,0,0.0051,0,1.3,Transfer
2024-03-25,ATM,984,2067,369,0,0.0056,0,1.4,Payment
2024-03-25,ATM,591,1449,259,0,0.0043,0,1.3,Investment
2024-03-25,ATM,478,1082,186,0,0.0056,0,1.5,Support
2024-03-26,Mobile App,13475,18585,3861,142,0.0153,11,9.4,Transfer
2024-03-26,Mobile App,14966,25846,5830,157,0.0131,15,8.5,Payment
2024-03-26,Mobile App,11746,16537,3452,145,0.015,13,7.9,Investment
2024-03-26,Mobile App,8382,12353,2753,138,0.0165,7,7.3,Support
2024-03-26,Web,4285,5473,1966,93,0.0232,0,4.9,Transfer
2024-03-26,Web,4650,7477,2792,104,0.0194,0,5.8,Payment
2024-03-26,Web,3425,4549,1713,109,0.0191,0,4.8,Investment
2024-03-26,Web,2229,3720,1290,88,0.0229,0,4.5,Support
2024-03-26,ATM,740,1494,267,0,0.0044,0,1.6,Transfer
2024-03-26,ATM,961,1835,330,0,0.0053,0,1.4,Payment
2024-03-26,ATM,664,1299,235,0,0.0054,0,1.3,Investment
2024-03-26,ATM,429,1099,185,0,0.0043,0,1.3,Support
2024-03-27,Mobile App,12167,21589,4801,154,0.0143,13,9.7,Transfer
2024-03-27,Mobile App,16944,24471,5117,119,0.0165,12,8.1,Payment
2024-03-27,Mobile App,11666,17579,4054,131,0.0156,15,8.7,Investment
2024-03-27,Mobile App,7498,12203,2513,134,0.013,12,7.3,Support
2024-03-27,Web,4365,5564,2050,89,0.0211,0,5.8,Transfer
2024-03-27,Web,4585,6674,2349,84,0.0221,0,5.4,Payment
2024-03-27,Web,3158,4821,1700,108,0.0225,0,5.9,Investment
2024-03-27,Web,2699,3645,1180,90,0.02,0,5.8,Support
2024-03-27,ATM,717,1523,288,0,0.0047,0,1.6,Transfer
2024-03-27,ATM,1022,1761,317,0,0.0055,0,1.5,Payment
2024-03-27,ATM,643,1417,268,0,0.0048,0,1.3,Investment
2024-03-27,ATM,464,1040,200,0,0.0056,0,1.5,Support
2024-03-28,Mobile App,12562,21442,4418,135,0.0138,10,8.4,Transfer
2024-03-28,Mobile App,17198,26628,5603,159,0.0129,14,7.7,Payment
2024-03-28,Mobile App,11089,15810,3580,109,0.0149,10,8.2,Investment
2024-03-28,Mobile App,7530,12801,2839,114,0.0133,13,9.5,Support
2024-03-28,Web,3987,5648,2109,84,0.0193,0,4.4,Transfer
2024-03-28,Web,4845,7470,2743,95,0.019,0,5.7,Payment
2024-03-28,Web,3532,4414,1435,77,0.0216,0,4.9,Investment
2024-03-28,Web,2373,3608,1342,112,0.0196,0,5.0,Support
2024-03-28,ATM,807,1691,284,0,0.0057,0,1.4,Transfer
2024-03-28,ATM,977,2103,403,0,0.0055,0,1.5,Payment
2024-03-28,ATM,601,1262,229,0,0.0056,0,1.4,Investment
2024-03-28,ATM,506,935,169,0,0.0044,0,1.4,Support
2024-03-29,Mobile App,13388,22659,4974,113,0.0169,15,8.6,Transfer
2024-03-29,Mobile App,15720,24849,5137,148,0.0163,7,7.8,Payment
2024-03-29,Mobile App,10775,17395,4104,110,0.0165,9,8.7,Investment
2024-03-29,Mobile App,7852,13638,2789,155,0.0145,7,8.2,Support
2024-03-29,Web,4069,5491,1885,100,0.0222,0,5.5,Transfer
2024-03-29,Web,4476,7501,2809,109,0.0237,0,4.9,Payment
2024-03-29,Web,3508,4435,1615,83,0.0189,0,5.6,Investment
2024-03-29,Web,2529,3837,1404,110,0.0237,0,5.7,Support
2024-03-29,ATM,785,1795,345,0,0.0047,0,1.7,Transfer
2024-03-29,ATM,939,1908,355,0,0.0054,0,1.4,Payment
2024-03-29,ATM,679,1285,250,0,0.0046,0,1.7,Investment
2024-03-29,ATM,446,1014,176,0,0.0057,0,1.6,Support
2024-03-30,Mobile App,13136,20894,4257,124,0.014,9,8.9,Transfer
2024-03-30,Mobile App,17327,21767,4641,145,0.0165,15,8.4,Payment
2024-03-30,Mobile App,18560,27183,5537,129,0.0156,12,8.3,Investment
2024-03-30,Mobile App,8348,11082,2593,139,0.017,11,7.9,Support
2024-03-30,Web,4359,5550,1941,83,0.0199,0,5.8,Transfer
2024-03-30,Web,5101,6614,2372,82,0.022,0,5.1,Payment
2024-03-30,Web,5958,8948,2995,111,0.0252,0,5.9,Investment
2024-03-30,Web,2234,3826,1414,95,0.019,0,4.8,Support
2024-03-30,ATM,712,1612,272,0,0.0044,0,1.4,Transfer
2024-03-30,ATM,940,2084,386,0,0.0044,0,1.5,Payment
2024-03-30,ATM,1108,2139,392,0,0.0048,0,1.7,Investment
2024-03-30,ATM,500,936,180,0,0.0047,0,1.3,Support
